frame_index,frame_timestamp_sec,num_local_nodes_pre,num_local_nodes_kept,num_new_nodes,num_nodes,num_edges,num_new_edges,t_inference_ms,t_merge_ms,t_edges_ms,t_other_ms,t_frame_total_ms
1,221.193376904,143,143,143,143,574,574,2300.0728711485863,71.08705304563046,30.474239960312843,37.56721690297127,2439.201381057501
9,223.435369129,151,151,151,294,1144,570,201.99692994356155,4.4678570702672005,2.2351110819727182,1.0208890307694674,209.72078712657094
10,223.532853972,158,158,158,452,1756,612,27.460463112220168,0.830864068120718,2.545831026509404,0.6546848453581333,31.491843052208424
11,223.630328024,149,149,149,601,2321,565,24.01201194152236,1.9101628568023443,4.339657025411725,0.6857533007860184,30.947585124522448
12,223.7278017,148,148,148,749,2868,547,23.86481687426567,0.6817351095378399,2.329727867618203,0.661828089505434,27.538107940927148
13,223.825285293,147,147,147,896,3432,564,23.61605199985206,0.6207709666341543,2.6149009354412556,0.9178272448480129,27.769551146775484
14,223.92276172,151,151,151,1047,4009,577,27.12534600868821,0.8174891117960215,2.424364909529686,0.7203368004411459,31.087536830455065
15,224.020233396,153,153,153,1200,4589,580,25.933346012607217,0.9357698727399111,3.1949160620570183,0.7957690395414829,30.85980098694563
16,224.117707281,158,158,158,1358,5184,595,25.21015307866037,0.6319519598037004,2.332553034648299,0.6314120255410671,28.806070098653436
17,224.215181082,157,157,157,1515,5789,605,27.215844951570034,0.8792851585894823,2.640198916196823,0.6175639573484659,31.352892983704805
18,224.312654342,153,153,153,1668,6368,579,25.829292135313153,0.6366011220961809,3.389270044863224,0.6155096925795078,30.470672994852066
19,224.410129102,155,155,155,1823,6958,590,27.501850156113505,0.6037789862602949,2.4881940335035324,0.6615077145397663,31.2553308904171
20,224.507604612,159,159,159,1982,7575,617,24.578281911090016,0.6522699259221554,3.062858944758773,0.668790191411972,28.962200973182917
21,224.605086872,153,153,153,2135,8153,578,26.210465002804995,0.8267168886959553,2.4105391930788755,0.6714139599353075,30.119135044515133
22,224.702562465,156,156,156,2291,8752,599,24.967429926618934,0.6263810209929943,2.8800060972571373,0.68506202660501,29.158879071474075
23,224.800035225,155,155,155,2446,9358,606,24.862923892214894,0.623656902462244,2.5565510150045156,0.6370523478835821,28.680184157565236
25,224.994994077,158,158,158,2604,9962,604,26.59837994724512,0.6854720413684845,2.8793259989470243,0.7129539735615253,30.876131961122155
26,225.092509796,166,166,166,2770,10606,644,28.05189904756844,0.6171939894556999,2.759691094979644,0.7454350125044584,32.17421914450824
27,225.189944805,167,167,167,2937,11246,640,27.23954012617469,1.5464529860764742,3.6248499527573586,0.8135007228702307,33.22434378787875
28,225.287414649,166,166,166,3103,11901,655,25.809755781665444,0.6357389502227306,3.0467980541288853,0.6198203191161156,30.112113105133176
30,225.482372376,172,172,172,3275,12595,694,27.859438909217715,0.8152651134878397,3.306114114820957,0.6461278535425663,32.62694599106908
31,225.677319896,169,169,169,3444,13266,671,27.479056967422366,0.7086549885571003,3.2135809306055307,0.6269232835620642,32.02821617014706
33,225.969797425,167,167,167,3611,13947,681,25.86080110631883,0.6397271063178778,3.1811001244932413,0.7167896255850792,30.39841796271503
34,226.164699278,174,174,174,3785,14662,715,26.37239801697433,0.6045710761100054,3.111850004643202,0.6428828928619623,30.7317019905895
35,226.457123974,167,167,167,3952,15354,692,26.463517919182777,0.7080549839884043,3.2324560452252626,0.694578979164362,31.098607927560806
36,226.652111536,166,166,166,4118,16041,687,28.15666515380144,0.8265560027211905,4.042590968310833,0.8212467655539513,33.847058890387416
38,227.139437626,174,174,174,4292,16764,723,29.15514283813536,0.6873151287436485,3.297438146546483,0.6994479335844517,33.839344047009945
39,227.334385563,163,163,163,4455,17434,670,25.200505973771214,0.7002600468695164,2.9239491559565067,0.7524166721850634,29.5771318487823
41,227.626806925,170,170,170,4625,18137,703,28.492794139310718,0.9682008530944586,4.887883085757494,0.7270390633493662,35.075917141512036
43,228.016705006,177,177,177,4802,18868,731,26.120797032490373,0.6958518642932177,3.3587520010769367,0.7516660261899233,30.92706692405045
44,228.211650859,175,175,175,4977,19592,724,28.69105408899486,0.7087648846209049,3.3631911501288414,0.6387759931385517,33.40178611688316
45,228.601545648,168,168,168,5145,20289,697,28.63695309497416,0.6169339176267385,3.4823829773813486,0.6118649616837502,33.348134951666
46,228.991441646,164,164,164,5309,20969,680,26.507660979405046,0.6519488524645567,3.335227956995368,0.773116247728467,31.267954036593437
47,229.381335977,168,168,168,5477,21674,705,27.287319069728255,0.6733899936079979,3.176442114636302,0.6159506738185883,31.753101851791143
48,229.673757756,173,173,173,5650,22400,726,29.068981064483523,0.6569991819560528,3.6333859898149967,0.7330619264394045,34.09242816269398
49,230.161129138,178,178,178,5828,23129,729,27.196810115128756,0.7521668449044228,5.1214490085840225,0.6933070253580809,33.76373299397528
50,230.551021636,169,169,169,5997,23826,697,28.180139139294624,0.7953380700200796,3.5080518573522568,0.6653838790953159,33.14891294576228
51,230.9409173,178,178,178,6175,24554,728,27.02854503877461,1.1150948703289032,3.7340440321713686,0.6653249729424715,32.54300891421735
52,231.330802422,197,197,197,6372,25328,774,29.355698032304645,0.644204905256629,5.324098980054259,0.793463084846735,36.11746500246227
53,231.72069017,180,180,180,6552,26027,699,31.651821918785572,0.7128030993044376,4.279254004359245,0.7162699475884438,37.3601489700377
54,232.110560334,181,181,181,6733,26763,736,26.817410020157695,0.649675028398633,4.091734066605568,0.6147688254714012,32.1735879406333
55,232.500448165,182,182,182,6915,27513,750,28.37465307675302,0.7671448402106762,3.8613330107182264,0.7120410446077585,33.71517197228968
58,233.182729108,183,183,183,7098,28272,759,28.83214899338782,0.7326710037887096,4.1619339026510715,0.8884212002158165,34.615175100043416
61,233.572581773,179,179,179,7277,29011,739,28.373058885335922,0.674400944262743,3.624558914452791,0.6594052538275719,33.33142399787903
62,234.05982378,189,189,189,7466,29802,791,29.305163072422147,0.7475679740309715,4.738293122500181,0.645205844193697,35.436230013147
66,234.742077932,187,187,187,7653,30562,760,31.285627046599984,0.7124829571694136,4.531946033239365,0.667929882183671,37.19798591919243
69,235.131973721,184,184,184,7837,31333,771,27.24293596111238,0.6897400598973036,4.906618036329746,0.6471800152212381,33.48647407256067
72,235.619342687,188,188,188,8025,32120,787,29.366076923906803,0.6954609416425228,4.529081983491778,0.7293231319636106,35.319942981004715
74,236.106776944,193,193,193,8218,32935,815,29.84041511081159,0.6953799165785313,4.575829021632671,0.7091558072715998,35.82077985629439
77,236.691762961,180,180,180,8398,33691,756,28.71093200519681,0.6169239059090614,4.348764196038246,0.7628868333995342,34.43950694054365
80,237.179147052,190,190,190,8588,34458,767,30.465604038909078,0.9331249166280031,5.022664088755846,0.7875338196754456,37.20892686396837
81,237.666547392,183,183,183,8771,35200,742,30.157677829265594,0.7791970856487751,5.301875993609428,0.817769905552268,37.056520814076066
84,238.348896586,172,172,172,8943,35902,702,26.45586314611137,0.6862441077828407,4.727141000330448,0.7033867295831442,32.5726349838078
86,238.83627901,175,175,175,9118,36626,724,29.85325804911554,0.7332910317927599,4.983450984582305,0.6188089028000832,36.18880896829069
87,239.42112136,177,177,177,9295,37358,732,31.6066169179976,1.1567240580916405,5.517689976841211,0.8394911419600248,39.120522094890475
90,240.103439429,185,185,185,9480,38119,761,29.27634003572166,1.2125580105930567,6.2491390854120255,0.6636700127273798,37.40170714445412
92,240.590811103,184,184,184,9664,38880,761,30.67995491437614,0.7494520395994186,6.091302959248424,0.6910830270498991,38.21179294027388
93,241.175650203,172,172,172,9836,39582,702,29.136287979781628,0.654393108561635,4.12406399846077,0.660354970023036,34.57510005682707
94,241.85796598,188,188,188,10024,40349,767,30.08114406839013,0.790818827226758,5.349044920876622,0.7005711086094379,36.92157892510295
97,242.54028384,196,196,196,10220,41152,803,32.335191033780575,0.6209120620042086,5.6395079009234905,0.7271701470017433,39.32278114371002
98,243.125125816,194,194,194,10414,41938,786,33.51834393106401,0.7519158534705639,5.397085100412369,0.6944490596652031,40.361793944612145
99,243.807449468,182,182,182,10596,42679,741,32.17240609228611,0.7310169748961926,5.122902104631066,0.6594238802790642,38.68574905209243
101,244.489760078,174,174,174,10770,43390,711,33.1424199976027,1.437969971448183,5.554670002311468,0.7171218749135733,40.852181846275926
102,245.07460422,180,180,180,10950,44149,759,31.4445651602,0.664964085444808,4.895217018201947,0.7952158339321613,37.799962097778916
103,245.854393715,176,176,176,11126,44890,741,32.05826296471059,0.650075962767005,5.250710994005203,0.6994279101490974,38.6584778316319
104,246.634223627,174,174,174,11300,45630,740,31.956453109160066,1.026109093800187,5.3459289483726025,0.6435438990592957,38.97203505039215
107,247.316502029,179,179,179,11479,46380,750,32.01010194607079,0.6239570211619139,4.6786710154265165,0.6121760234236717,37.92490600608289
108,247.901354337,182,182,182,11661,47140,760,39.19045394286513,2.177814021706581,5.985525902360678,0.8075691293925047,48.1613629963249
109,248.681194916,175,175,175,11836,47857,717,33.56020199134946,0.9835199452936649,6.162757053971291,0.7226909510791302,41.429169941693544
110,249.460935702,175,175,175,12011,48584,727,29.82921409420669,0.768427038565278,4.788547055795789,0.6991869304329157,36.08537511900067
111,250.240727739,175,175,175,12186,49303,719,30.601587845012546,1.128791132941842,5.151736084371805,0.6293279584497213,37.511443020775914
112,250.923066141,174,174,174,12360,50036,733,33.570852130651474,0.9994490537792444,5.853668786585331,1.4741381164640188,41.89810808748007
113,251.702864469,175,175,175,12535,50733,697,34.010143019258976,0.6181360222399235,4.71807480789721,0.6238680798560381,39.97022192925215
114,252.482645214,175,175,175,12710,51444,711,32.82687091268599,0.6853619124740362,5.258625838905573,0.6532813422381878,39.42414000630379
122,254.042227996,134,134,134,12844,51957,513,24.50198889710009,0.8702978957444429,7.715450832620263,0.6761455442756414,33.76388316974044
123,254.139700881,127,127,127,12971,52423,466,27.309982106089592,0.7384908385574818,2.2025699727237225,0.7512851152569056,31.0023280326277
124,254.919493584,115,115,115,13086,52883,460,31.790402019396424,0.9469510987401009,2.3331039119511843,0.6456079427152872,35.716064972803
132,256.479074699,100,100,100,13186,53277,394,21.68370899744332,0.7205880247056484,2.0540421828627586,0.6375017110258341,25.09584091603756
133,256.576547917,96,96,96,13282,53660,383,30.759174143895507,1.5936708077788353,2.613669028505683,0.8457510266453028,35.81226500682533
141,258.136173199,106,106,106,13388,54079,419,21.462163887917995,1.2279869988560677,2.5525239761918783,0.6629801355302334,25.905654998496175
149,259.110867464,91,91,91,13479,54457,378,20.29274613596499,0.6489132065325975,1.9217650406062603,0.6243886891752481,23.487813072279096
156,259.890653209,81,81,81,13560,54808,351,17.15895510278642,0.6258911453187466,1.8019711133092642,0.6768445018678904,20.263661863282323
157,260.085595645,85,85,85,13645,55176,368,26.661458192393184,0.6935968995094299,1.9694638904184103,0.6241588853299618,29.948677867650986
158,260.865374807,88,88,88,13733,55553,377,28.045787941664457,0.6616679020226002,2.997647039592266,0.6344360299408436,32.33953891322017
166,262.424956672,90,90,90,13823,55934,381,20.463475957512856,0.591265968978405,2.9412610456347466,0.5921078845858574,24.588110856711864
